index,ID,fraud_flag
0,64707,0.165105065069602
1,63919,0.2845902006694053
2,15664,0.4970698206960938
3,6626,0.4914278997598609
