index,ID,fraud_flag
0,64707,0.0010225645794370952
1,63919,0.0016879606309962447
2,15664,0.0031329284012812882
3,6626,0.010661609198653041
